ID,y
1,100.34223
2,115.859055
3,100.843636
4,80.43528
5,111.313156
8,87.55559
10,110.24045
11,96.82269
12,115.89226
14,93.147354
15,114.30168
16,107.79523
17,99.16428
19,94.79381
20,103.558136
21,119.56473
22,116.37097
23,99.40491
26,95.11245
28,96.308846
29,99.40491
33,99.40491
35,93.045555
41,96.78612
42,92.33033
43,115.78039
45,100.60775
46,107.9736
51,94.76125
53,79.079285
55,114.58901
56,92.93956
57,103.47277
58,94.414505
59,105.43301
63,113.04532
64,91.52439
65,107.09456
69,90.28588
71,93.70571
72,103.40398
73,92.187355
76,107.89653
77,116.389366
78,115.00336
82,95.193146
83,107.09456
84,93.31651
85,100.698845
87,112.47597
88,96.78612
89,114.90124
91,94.15439
93,94.00233
94,114.14262
95,90.935326
96,109.13662
97,96.16966
98,112.20143
99,91.65796
101,103.45303
103,114.90124
104,97.61461
105,111.70126
110,90.92675
111,110.49332
113,113.72972
114,93.01088
115,116.70118
117,114.90124
120,94.40364
121,112.09456
122,95.59427
123,112.89628
126,113.16149
132,112.77086
135,101.11602
137,108.525505
138,94.1342
140,93.27378
142,112.79477
144,114.34279
148,90.4114
149,111.95442
155,92.263504
156,112.37729
157,96.16966
162,114.96898
163,96.317085
167,97.482956
172,115.78039
179,125.49227
180,94.04611
181,110.504005
182,94.98394
183,114.90124
185,114.90124
187,112.185776
188,93.91824
189,94.74807
191,93.65946
192,113.91885
193,95.04657
194,113.60781
195,89.58598
196,114.27916
198,91.94019
199,112.81951
201,101.834656
204,95.7644
205,109.05695
206,92.20694
210,94.66369
211,103.45303
216,113.51991
219,116.15659
220,89.778564
221,111.64609
226,110.504005
227,93.604065
228,111.57537
230,112.06011
231,96.16966
235,116.86606
236,90.17177
238,111.13047
242,103.4415
243,94.60306
244,78.97062
245,111.072975
247,118.4833
248,92.52533
249,92.06462
250,111.82835
251,90.17177
253,116.86606
254,95.905235
256,93.58914
257,88.92679
258,119.50318
259,92.03747
262,82.996895
266,92.6908
267,113.07192
272,103.4038
273,114.90124
275,93.52202
276,122.52488
279,93.84044
280,107.09456
283,91.651695
285,110.80462
288,114.90124
289,91.98656
290,102.123024
291,92.688034
292,109.74972
293,110.53473
296,139.18431
297,110.631294
298,114.196205
299,94.87316
304,90.33347
305,91.61901
306,93.09063
307,110.67918
311,109.7771
313,110.604
314,90.83641
316,86.933464
324,88.78936
327,90.94595
329,94.95147
330,114.345116
337,104.901276
338,93.15545
339,119.74821
340,91.06216
343,90.48056
345,114.30168
346,99.40709
347,113.18707
349,111.80695
350,91.57433
352,111.88732
353,89.92188
354,77.99655
357,92.64414
358,113.68343
362,112.63709
364,118.192
365,104.32456
366,88.14561
367,111.784134
368,98.31962
370,76.346855
373,93.891014
377,90.722946
378,109.5759
382,107.89653
384,111.2054
390,94.13702
392,112.00067
393,110.25014
395,93.16207
396,103.53041
399,79.53914
406,110.604
408,110.604
409,94.95528
410,76.84148
412,112.76637
413,89.552635
419,91.92916
420,113.380264
421,89.64795
430,105.26345
434,93.09132
436,99.30406
437,92.722755
438,91.058105
439,111.074905
440,93.47241
443,112.65591
446,95.10581
448,90.08862
452,92.72592
453,104.02507
457,99.33567
458,93.65943
459,114.11557
460,100.91131
462,107.03296
464,100.95035
465,115.89226
467,121.336075
471,113.81821
472,76.65424
473,97.24972
475,100.67987
480,94.250046
488,110.23851
490,110.67918
491,103.43826
492,77.2723
493,92.630196
497,89.764366
498,113.60209
499,95.96705
500,106.8349
501,94.59084
502,117.7868
506,78.44251
510,108.3531
511,93.01001
512,94.15436
516,92.72038
518,91.56723
519,113.615776
521,101.16577
522,110.71577
526,113.57153
529,90.87104
532,112.684425
533,93.60451
536,113.234344
537,99.98134
539,93.10644
540,103.758606
541,94.509094
543,95.1138
546,112.956314
547,92.72267
548,79.36272
551,91.32302
552,101.90813
556,100.721855
557,92.91102
558,111.784134
559,92.98716
560,106.530685
562,109.0049
566,87.96872
570,113.60209
571,92.722755
572,107.09456
573,94.68658
575,115.89226
576,110.8001
577,91.7304
579,92.08672
580,111.37617
581,113.61768
589,110.67918
591,102.5274
593,93.71134
594,105.63952
595,95.98575
598,91.11044
602,110.455765
604,108.09833
606,104.965
608,86.486305
609,103.188156
610,95.892265
616,114.00474
617,93.60145
618,102.020966
620,103.67072
622,114.36863
623,89.70726
624,146.00246
626,113.91379
628,114.05622
629,99.71111
630,111.69014
637,90.906006
638,103.464096
643,101.5592
645,94.250046
646,113.94834
648,94.71283
652,90.46158
653,92.04606
654,113.60209
656,113.84799
657,95.58575
659,93.56438
660,103.59311
663,91.17345
664,112.82205
666,102.39153
668,109.984856
669,93.97086
671,96.88134
675,92.33583
677,93.078354
678,110.41567
679,102.287506
682,89.53333
685,104.53673
687,92.57942
688,91.26346
693,111.45538
696,89.414665
698,99.06615
701,99.202126
704,105.949005
705,116.74293
709,112.931656
710,95.896965
711,104.40425
712,98.99358
714,111.40517
715,93.1756
716,110.9198
717,95.0279
720,115.31112
721,93.55293
724,106.13538
725,91.13853
726,112.73348
728,111.52635
731,94.46034
734,103.44232
738,93.44107
745,113.72254
746,95.18621
751,78.11422
754,88.68852
756,94.30435
758,98.33404
759,114.290596
761,114.2356
766,92.65896
767,110.76885
768,89.9033
769,113.12636
770,97.93439
771,77.98795
772,105.6096
773,91.382904
774,112.43931
776,111.2054
777,93.32394
780,117.69339
782,103.99923
787,102.6312
788,93.36988
792,90.45718
793,109.94173
798,97.81208
800,89.92138
806,110.9198
809,110.6783
811,113.545044
812,90.12972
814,116.901695
816,106.416985
817,93.33414
818,106.60846
820,117.9608
823,93.39051
829,90.3643
830,117.58956
831,87.82953
834,110.584045
839,93.767105
841,76.87661
844,103.42878
845,94.1184
848,90.33347
850,95.64088
851,102.764885
852,94.376854
854,92.9858
855,93.50644
856,98.634384
859,98.86741
861,112.43931
864,94.175316
865,112.50554
866,91.89181
867,90.38896
869,93.994415
871,92.211334
872,110.9198
882,102.91673
883,92.579094
885,94.6853
888,91.44748
893,110.21788
901,110.3878
903,103.67889
904,92.27609
905,104.24605
910,94.79764
911,107.737
914,110.233925
918,115.167984
921,88.55505
928,93.86735
929,103.83208
932,90.25238
933,111.131676
934,94.79764
935,114.49036
937,77.05061
939,95.136604
940,104.131546
941,96.02495
942,104.60515
943,93.52476
944,102.11912
947,110.9198
949,110.29944
951,112.3357
952,100.03709
953,103.67889
954,75.15122
957,112.072655
959,86.789246
960,114.053345
963,116.901695
965,110.9198
967,105.85352
971,93.54565
972,78.07919
973,97.88685
974,111.820656
975,97.87046
978,117.253174
980,118.20058
981,95.8027
984,112.72448
986,94.79764
988,89.9033
989,113.12157
990,105.45959
992,110.3878
996,93.514404
999,116.13095
1000,94.18997
1001,112.50554
1002,89.33202
1003,111.2054
1004,89.78679
1008,110.85721
1009,93.64732
1010,115.42959
1012,116.3462
1013,93.26546
1014,116.09104
1015,94.041954
1016,116.88353
1019,100.484215
1020,112.91772
1021,94.79764
1022,103.895
1024,94.79764
1025,77.84299
1027,92.90714
1028,102.32329
1029,94.63684
1030,87.53747
1033,112.53468
1036,88.9699
1037,110.57074
1038,92.64513
1042,95.136604
1043,103.52033
1044,93.6554
1045,112.51448
1047,114.13729
1050,94.36633
1051,110.39305
1054,93.14721
1056,95.8027
1057,93.0317
1059,91.40395
1062,108.92966
1063,103.62146
1064,95.8027
1066,90.60398
1070,105.724976
1076,116.608215
1077,110.3691
1078,111.8053
1080,113.68617
1082,111.02822
1083,90.43486
1089,109.92101
1091,91.108795
1093,90.763535
1097,98.44487
1099,93.93512
1101,95.43184
1103,98.68562
1104,112.892845
1106,111.16495
1109,87.83676
1110,115.57828
1111,90.16598
1112,111.416306
1114,95.03582
1116,103.22919
1117,116.72713
1120,93.731674
1124,110.513756
1125,93.072655
1126,113.98107
1134,113.26039
1137,94.04693
1138,116.00755
1144,112.24279
1145,96.82176
1146,91.00492
1148,98.34252
1150,95.6875
1152,103.42878
1153,91.10848
1154,105.85186
1155,94.39607
1157,94.6092
1162,95.97262
1165,111.282684
1166,92.71584
1167,106.371475
1168,95.981415
1169,98.35302
1171,116.03229
1172,92.94243
1173,98.35302
1174,95.12231
1176,95.07212
1177,107.2646
1178,95.56866
1182,112.631744
1186,95.300575
1187,117.60856
1188,92.75979
1189,117.179
1191,105.176476
1192,95.97262
1197,111.18753
1198,93.122604
1200,77.564545
1201,91.83131
1203,101.405174
1209,116.38731
1214,99.070206
1218,113.23258
1222,92.417404
1226,93.42436
1228,92.90867
1230,88.36304
1232,78.99157
1233,108.44057
1236,115.95837
1238,99.04378
1241,112.24279
1244,105.26919
1246,92.26541
1247,118.02884
1250,111.597855
1251,93.78814
1254,117.50907
1255,96.37116
1256,108.82741
1257,91.94973
1258,93.36221
1259,111.729706
1260,91.744194
1263,112.24279
1267,76.77533
1268,110.1478
1271,95.48439
1272,109.97903
1274,109.53148
1275,95.97262
1276,110.1542
1277,91.47894
1279,91.00492
1281,97.721016
1282,92.75979
1283,116.58192
1285,114.3529
1286,94.3701
1289,114.389946
1296,117.1166
1299,95.6875
1301,94.32431
1306,90.64489
1307,94.51203
1308,92.14478
1313,110.1542
1314,94.7486
1315,115.57828
1316,92.45979
1317,109.61144
1319,90.30122
1323,93.44522
1324,104.676674
1325,97.50725
1328,104.53648
1329,94.83999
1330,112.97368
1331,92.064606
1332,104.7136
1337,95.75411
1338,109.940056
1339,102.48631
1340,109.05762
1343,115.10841
1347,106.89726
1348,92.72465
1349,106.48918
1352,92.29571
1354,94.43871
1359,113.6698
1360,96.32105
1363,111.42437
1364,95.32116
1365,104.44217
1366,94.48396
1372,92.86105
1375,107.06945
1376,91.53729
1378,92.107925
1379,115.84551
1380,96.8478
1381,102.37999
1384,117.5406
1387,98.844765
1388,112.34338
1392,80.84035
1394,104.52772
1395,94.3298
1396,112.24299
1398,95.45729
1399,112.24299
1400,97.52476
1401,97.91965
1403,97.13843
1404,112.09176
1406,112.24299
1407,94.30273
1408,113.63033
1410,79.485596
1412,112.49387
1413,92.22978
1415,96.12967
1420,113.63033
1422,111.53235
1423,108.34109
1424,113.63033
1425,93.13107
1426,79.485596
1427,99.92156
1429,93.485115
1430,113.01529
1431,94.01892
1432,108.76559
1434,112.93999
1437,92.8876
1438,105.97187
1440,111.469986
1441,115.88509
1442,94.03719
1444,113.27088
1445,97.92019
1446,104.94782
1448,100.3503
1453,99.09234
1454,112.49387
1455,96.223976
1456,113.82498
1458,112.49387
1459,94.80353
1461,91.27083
1465,98.844765
1466,109.6203
1469,96.81316
1472,99.09234
1474,95.39355
1477,115.594765
1479,108.93136
1482,93.00234
1483,78.75663
1487,91.54496
1488,113.593506
1490,113.6206
1492,119.03356
1494,121.88459
1496,101.56748
1497,93.98637
1499,100.398415
1502,96.426895
1507,115.90073
1508,92.29571
1509,108.75916
1511,99.22885
1512,110.79724
1513,114.43817
1514,100.47602
1518,112.75658
1519,92.903175
1522,114.15155
1524,79.76786
1527,94.03719
1529,96.49974
1532,104.95704
1536,113.84837
1537,118.05446
1539,106.7989
1542,116.2437
1543,91.53729
1544,104.9829
1545,77.17101
1550,92.24387
1551,111.73003
1554,116.10898
1556,105.23078
1559,94.93093
1560,79.33231
1562,95.02717
1566,92.26768
1567,113.00691
1569,108.49391
1570,112.99083
1571,116.03118
1574,92.29571
1578,104.79204
1580,93.0985
1583,114.13508
1584,92.29571
1585,110.20169
1586,97.78194
1587,112.562386
1588,92.10673
1590,115.207886
1592,104.76527
1596,131.41483
1598,110.68518
1599,93.50854
1604,114.042244
1606,104.794876
1607,92.22978
1608,107.352844
1609,117.45726
1611,93.9546
1613,96.059715
1616,92.431946
1619,116.15951
1620,91.85683
1621,111.70044
1622,91.45286
1625,109.66987
1627,117.45726
1629,110.57322
1634,93.19957
1636,95.19622
1638,102.61495
1639,93.16207
1641,98.19063
1643,94.34804
1644,102.42992
1645,121.380684
1646,91.65616
1647,117.06964
1648,97.94143
1652,93.0985
1653,114.00415
1656,151.21915
1658,93.50854
1659,112.23931
1661,94.29052
1663,92.22978
1664,114.25286
1665,94.1051
1666,105.23078
1667,103.199425
1668,82.06302
1669,106.55823
1670,95.19271
1672,113.41979
1674,117.15142
1677,113.593506
1678,95.813156
1679,114.09718
1680,92.465355
1683,107.27116
1686,101.07098
1687,111.43944
1689,117.14118
1690,98.802704
1691,116.63959
1692,113.7254
1693,92.29571
1695,93.22056
1696,99.09234
1697,113.019714
1700,105.23078
1701,90.681015
1702,111.84859
1703,95.629326
1704,112.74057
1706,96.15153
1707,119.13579
1708,98.38193
1710,94.48373
1711,104.10835
1713,105.568245
1717,102.89346
1719,104.79204
1720,94.09847
1722,91.8113
1725,103.55359
1726,97.99478
1727,105.431915
1729,113.27705
1730,92.71035
1731,111.65147
1733,105.23078
1734,94.21885
1735,111.53235
1738,96.059715
1742,93.0757
1745,117.15142
1747,91.293335
1749,96.5894
1751,95.7876
1752,79.29057
1753,107.337524
1754,99.33761
1755,102.74287
1756,104.242
1758,112.13522
1759,96.23294
1760,105.50681
1761,115.43619
1762,92.619934
1763,109.10803
1764,89.29803
1766,93.566505
1768,95.08146
1769,80.86515
1771,110.34451
1772,90.87488
1773,104.18644
1774,99.53143
1775,113.8511
1777,115.37066
1779,96.23294
1780,113.16181
1787,95.629326
1788,92.26877
1790,97.25739
1796,112.99678
1801,91.08934
1803,96.93724
1807,112.738205
1809,114.69936
1812,93.48939
1813,113.854515
1814,93.45961
1815,109.83558
1816,95.41603
1818,93.426735
1820,95.10683
1821,112.153786
1822,94.306625
1825,94.74814
1826,104.24228
1828,98.38475
1831,102.02302
1836,126.89976
1837,92.181206
1841,95.40251
1844,101.19803
1848,92.20103
1851,106.7989
1852,92.270294
1853,94.95075
1854,111.33675
1856,94.94578
1859,115.094574
1860,96.756256
1861,80.30072
1863,104.01662
1865,97.03142
1866,106.887245
1867,94.3888
1868,96.23967
1872,98.062584
1879,93.20511
1880,104.10365
1882,94.953316
1885,105.27248
1887,104.721275
1888,89.184814
1890,113.237434
1894,94.920166
1895,103.51068
1896,96.832344
1897,112.4701
1900,115.33415
1901,94.93093
1902,113.03529
1905,94.35888
1906,109.324715
1912,104.67592
1915,95.24923
1916,104.786285
1917,98.524635
1918,104.874306
1920,78.159836
1923,90.145485
1924,109.66844
1925,97.94642
1930,117.45726
1932,112.28731
1933,92.85184
1934,111.9422
1935,93.24958
1940,79.485596
1941,93.19225
1942,112.54458
1943,95.4438
1944,93.97632
1945,114.62071
1948,118.05446
1949,93.0541
1952,96.276726
1954,92.29571
1955,115.375946
1958,90.689865
1959,77.80273
1960,109.10803
1963,99.382286
1965,92.86794
1968,107.64946
1969,90.32118
1971,94.53015
1972,111.78805
1973,92.59083
1975,92.866
1977,95.290596
1978,94.67109
1979,112.18709
1981,94.177986
1982,110.93921
1987,115.40381
1988,91.81018
1993,92.138664
1997,93.58208
1999,95.3478
2001,95.0747
2002,114.6373
2003,91.33228
2004,80.16567
2006,113.29098
2007,93.24231
2009,109.262535
2010,91.73306
2013,102.27133
2018,80.40774
2022,105.0533
2024,110.921005
2025,94.13962
2026,106.39946
2030,108.97417
2031,94.04904
2032,104.67592
2033,98.72358
2035,93.79294
2036,113.85426
2037,93.896194
2040,94.48913
2043,118.829025
2044,112.34573
2046,99.25946
2054,111.144165
2055,98.71001
2056,113.16181
2059,89.69322
2060,94.93093
2062,94.00835
2063,108.30744
2066,94.920166
2067,115.823456
2072,104.02581
2073,112.64688
2074,96.17272
2075,116.68426
2076,91.04494
2080,96.33276
2082,94.93093
2085,109.816864
2087,112.30157
2091,111.11837
2092,95.78602
2093,113.16181
2098,91.354836
2101,109.10803
2102,94.35373
2103,79.485596
2105,106.4737
2106,95.202385
2107,117.56111
2110,95.88142
2114,99.409874
2115,112.41348
2117,74.653366
2118,93.51405
2119,107.34955
2120,96.96187
2122,96.3909
2123,112.273384
2126,94.395996
2127,105.50944
2128,93.44677
2129,114.29875
2132,101.418076
2135,104.098465
2138,95.61741
2139,117.45726
2141,110.89765
2142,94.06913
2146,95.25653
2151,110.72783
2157,102.519745
2159,131.55232
2162,95.29876
2164,115.3477
2167,98.24171
2168,111.94889
2171,93.384224
2173,93.43875
2174,102.81478
2175,93.45659
2178,90.59409
2180,97.98625
2185,114.13786
2189,86.20645
2190,115.98596
2192,104.90572
2194,108.818054
2200,119.74606
2201,93.52632
2203,113.62662
2204,90.62885
2205,109.70417
2209,111.72364
2213,103.688774
2214,93.628334
2215,112.93903
2216,93.42902
2218,93.385025
2219,104.47004
2220,94.177444
2222,91.95339
2223,113.61906
2225,113.07648
2226,95.33874
2230,92.64157
2233,115.41079
2234,111.36697
2235,90.62885
2236,78.85921
2237,91.32353
2240,118.91318
2241,92.14901
2248,103.40449
2249,94.960266
2250,114.721016
2252,113.37777
2253,94.318085
2254,112.736
2256,77.87558
2258,92.80646
2259,114.48728
2262,98.807
2265,92.008804
2266,101.3272
2269,96.46691
2271,94.21751
2273,95.766136
2274,113.828026
2275,94.03905
2277,101.76391
2279,90.62885
2280,78.195145
2282,97.98625
2283,102.200386
2288,91.47073
2289,114.84773
2291,97.91973
2292,117.571304
2297,94.20659
2298,114.38947
2299,94.26186
2300,113.971405
2301,91.66978
2304,99.18809
2305,106.69514
2306,98.807
2308,89.352585
2309,115.68097
2311,105.701324
2312,108.183235
2316,104.48487
2321,106.34614
2322,111.29974
2325,110.11428
2326,94.341255
2329,117.571304
2330,100.774155
2331,103.322685
2332,112.20135
2333,98.807
2334,101.6469
2335,108.265305
2337,109.39037
2338,93.53119
2340,112.20135
2342,131.94382
2345,95.97343
2349,95.40063
2351,78.6548
2352,96.34791
2354,110.56712
2355,124.791534
2357,113.07648
2358,93.61801
2360,94.15617
2361,110.56712
2364,94.03815
2366,99.13903
2369,101.86113
2370,94.30469
2371,111.89417
2373,117.35452
2374,92.950966
2376,113.25398
2378,113.65462
2382,93.675934
2383,92.1416
2386,103.59729
2387,97.876686
2389,126.65945
2390,117.64361
2392,92.4015
2398,112.20135
2399,96.21909
2400,102.21396
2401,110.55518
2402,94.59293
2404,101.758446
2407,112.24844
2408,113.879326
2409,121.80691
2412,80.81048
2413,97.45061
2415,95.92601
2420,107.831406
2422,93.79099
2423,100.34797
2426,93.4845
2432,106.237526
2434,91.53064
2435,128.73335
2436,112.7502
2438,109.81597
2440,114.969765
2443,94.68102
2444,95.968094
2447,103.40449
2450,94.005745
2454,93.179504
2455,115.89689
2459,98.807
2460,109.40527
2463,96.35917
2465,95.37755
2468,77.815834
2469,89.9073
2474,91.50709
2478,91.32801
2480,95.25751
2481,118.91318
2489,97.98625
2490,103.639984
2492,91.172516
2496,98.807
2497,117.48397
2500,94.10463
2505,98.98934
2507,91.93947
2508,109.70417
2509,93.951164
2510,79.766945
2513,90.59369
2515,97.98625
2518,92.1416
2519,111.61064
2520,92.1416
2521,112.77563
2523,110.745605
2525,94.49268
2529,110.85546
2530,89.16849
2533,112.67912
2535,90.4871
2538,105.33137
2544,109.33258
2553,111.06902
2556,90.26171
2558,89.46013
2559,112.98836
2560,90.41386
2561,111.60269
2562,89.35441
2563,112.1375
2564,90.556305
2565,115.30606
2567,103.30833
2572,92.18475
2575,96.80583
2576,124.93409
2577,95.43859
2578,98.12803
2579,120.79707
2580,91.934074
2582,115.69556
2583,93.68893
2587,94.46952
2589,112.6251
2590,95.70083
2591,110.85546
2594,91.6008
2597,97.4028
2598,103.956345
2599,95.45364
2600,100.559975
2602,108.61439
2603,92.18475
2604,99.010635
2606,113.78242
2607,76.935936
2608,102.09969
2613,109.70417
2614,94.978294
2615,111.21021
2617,112.52672
2620,97.388916
2623,116.99406
2624,93.94359
2627,109.70417
2629,76.935936
2630,99.00295
2632,89.9468
2636,94.16818
2639,98.53024
2640,103.9948
2642,110.85546
2644,103.89953
2646,111.478165
2647,92.722595
2649,91.93734
2650,107.92718
2652,103.57853
2653,99.66651
2655,106.27372
2657,112.09662
2659,109.64431
2662,92.12997
2663,118.782074
2664,91.63892
2665,103.733894
2670,94.12626
2671,105.8756
2672,95.40887
2675,103.57853
2677,110.84057
2679,118.08786
2683,112.22491
2684,95.650116
2685,90.6799
2688,103.62764
2689,91.05284
2690,100.33391
2693,111.73086
2694,110.74427
2697,94.47202
2699,94.97582
2703,93.583694
2705,102.69266
2709,77.1948
2710,90.18994
2711,122.03508
2712,90.247894
2713,91.43044
2714,113.09791
2715,90.413605
2717,91.77255
2718,107.83385
2720,114.348526
2721,96.226654
2726,91.12322
2728,92.81013
2731,101.11415
2732,111.031654
2734,90.53704
2736,103.19105
2737,92.85674
2738,101.72544
2739,131.29126
2746,92.75059
2749,103.93941
2751,127.00653
2752,102.88576
2753,93.164795
2757,103.65656
2758,94.218956
2759,109.64655
2760,102.81398
2762,109.82758
2764,91.06927
2765,111.44373
2769,120.07243
2771,103.842545
2774,92.27864
2776,90.411224
2777,119.134735
2778,92.85387
2779,117.70021
2782,91.34838
2784,94.09337
2787,104.96395
2789,89.393364
2792,92.05322
2798,94.95875
2799,102.38446
2800,96.42306
2801,81.24441
2802,91.84037
2804,92.612144
2807,100.51994
2808,93.69786
2809,125.58353
2811,117.08986
2812,95.51374
2814,90.44318
2816,94.684685
2817,115.437874
2818,109.1765
2820,111.35412
2821,75.30221
2822,89.61383
2823,105.24506
2824,94.6081
2826,91.25499
2829,95.271996
2834,95.24728
2835,76.48087
2838,92.09484
2839,110.94608
2840,92.96416
2841,113.11327
2842,96.13947
2846,119.62021
2848,94.03994
2849,91.74312
2850,113.09791
2851,94.36495
2853,98.22921
2854,110.85546
2858,110.09985
2861,92.54639
2864,91.172516
2865,118.782074
2866,111.410355
2867,89.328674
2868,109.00218
2870,112.75271
2877,106.44649
2878,109.70417
2880,111.82567
2882,78.69145
2883,100.42007
2884,100.09548
2885,102.90645
2887,96.29401
2888,108.705696
2889,99.72466
2890,102.485985
2891,103.299835
2892,116.49653
2893,95.28103
2898,109.73174
2899,87.49393
2900,111.73827
2901,95.151695
2909,95.038956
2910,111.21296
2911,108.97681
2913,113.528275
2914,97.12219
2918,88.95031
2919,113.33728
2920,94.67651
2921,109.70417
2922,100.766495
2923,106.221855
2925,110.85882
2926,90.60515
2927,112.84593
2929,110.79088
2933,89.09152
2934,111.628105
2936,113.41544
2941,102.71151
2942,92.08005
2943,112.61891
2945,104.56987
2950,94.44275
2951,112.644
2953,120.003075
2954,93.17104
2955,102.855354
2956,95.55262
2960,92.38194
2962,86.932
2963,105.431145
2964,103.90758
2966,78.47991
2967,96.345406
2968,112.79722
2969,92.433205
2971,94.005905
2972,94.818596
2974,96.47441
2975,108.46286
2977,121.84438
2980,112.92621
2981,91.72258
2983,93.07054
2984,105.40089
2985,117.51269
2986,107.38566
2987,94.818596
2989,92.87599
2990,111.33935
2991,95.67444
2992,80.1722
2995,100.816635
2996,102.220505
3002,112.931435
3004,114.243515
3005,114.2559
3006,94.23825
3010,100.76143
3011,107.14513
3014,92.04716
3015,91.729866
3016,91.47892
3017,113.91569
3018,91.31229
3021,102.845
3024,104.47381
3028,93.63908
3030,93.67905
3032,92.461685
3039,95.59046
3040,111.95396
3041,109.42952
3043,97.91261
3044,113.02927
3046,108.8269
3055,94.2035
3056,113.77382
3058,94.76301
3059,105.946144
3061,117.16417
3063,108.79748
3066,89.928314
3067,104.47381
3068,77.813835
3069,95.02474
3072,114.53654
3073,110.80414
3074,88.115685
3077,93.69779
3082,94.462265
3084,100.816635
3085,116.04885
3088,105.83377
3091,102.74374
3092,112.00652
3093,94.55143
3094,101.97774
3096,110.72272
3097,91.670105
3098,77.7042
3102,116.183014
3106,93.7745
3109,94.387474
3111,89.93972
3112,114.2559
3113,95.442566
3115,104.19112
3116,110.611534
3117,96.13378
3121,112.11383
3122,92.08467
3123,94.92981
3124,103.769226
3125,91.47892
3126,100.39391
3127,115.7493
3129,96.05564
3130,111.674614
3132,106.39086
3134,111.37552
3135,94.799576
3137,80.07912
3138,96.21904
3140,90.531944
3144,112.446655
3145,100.91637
3146,111.21021
3147,94.08998
3148,105.79396
3149,104.39774
3150,112.26707
3151,95.40551
3152,92.600365
3155,95.42738
3156,113.709915
3159,91.39102
3161,93.59687
3162,106.24028
3163,92.1256
3165,100.6894
3172,96.37081
3173,108.65171
3176,94.51844
3177,102.556366
3179,108.46286
3183,92.21624
3186,94.34817
3187,101.42259
3189,108.21214
3190,103.227234
3192,115.7493
3193,96.37081
3194,111.47414
3197,93.78474
3198,95.687386
3200,92.32627
3201,117.716896
3202,95.687386
3204,94.86782
3205,88.790306
3206,113.09499
3208,102.41722
3210,103.96718
3211,93.39826
3212,117.16417
3213,100.16322
3214,108.36556
3216,105.55081
3219,96.32277
3220,109.699814
3221,95.442566
3226,114.395706
3227,91.68249
3228,110.11464
3229,91.56954
3232,78.79265
3233,92.46911
3234,95.51044
3236,92.98171
3238,111.275536
3239,112.5358
3240,90.45686
3247,109.84727
3249,102.77779
3252,117.87809
3253,96.84378
3254,100.54951
3255,92.692924
3256,117.16554
3257,94.88344
3262,96.40815
3263,104.19054
3264,95.55262
3266,110.1968
3267,91.459236
3269,97.64287
3272,117.51269
3274,93.78474
3275,102.042725
3277,94.28608
3279,101.17877
3280,106.11939
3283,92.98661
3285,95.45339
3287,89.163536
3288,104.47381
3290,102.33606
3291,91.25367
3298,112.99488
3299,92.69005
3302,115.850266
3303,90.342026
3304,102.74672
3307,96.42161
3309,95.53471
3314,78.6367
3316,115.85853
3317,97.04533
3319,94.28951
3320,116.08973
3321,94.146225
3322,104.64439
3324,92.24541
3326,92.98563
3329,110.8357
3330,91.77633
3331,114.868034
3335,117.32171
3337,93.162994
3338,102.880516
3339,94.81842
3340,109.59734
3341,95.02321
3343,93.24715
3346,92.47409
3348,93.29158
3351,104.47381
3352,118.20041
3355,94.52915
3356,115.09548
3358,101.82306
3359,97.65012
3360,108.7674
3371,110.15554
3372,96.25532
3374,95.38284
3377,113.897446
3378,90.62909
3380,101.55201
3382,92.45518
3386,93.821594
3389,114.84122
3391,103.215805
3393,95.89605
3394,103.38535
3395,92.68583
3397,110.84762
3398,95.25645
3399,77.41302
3400,96.96005
3404,102.57203
3407,113.30288
3409,107.43641
3419,94.78112
3421,94.1182
3425,95.8506
3427,77.873924
3428,117.71003
3429,111.528336
3431,90.7832
3435,93.413765
3436,111.06722
3439,97.49439
3441,93.405235
3442,117.71003
3443,96.60549
3444,102.0611
3445,94.95683
3446,115.66672
3449,93.67905
3453,91.95976
3457,94.12916
3460,104.19085
3461,92.52075
3462,95.13015
3464,110.90757
3465,77.813835
3466,97.35514
3467,103.928185
3468,93.51057
3469,103.31675
3470,101.47448
3472,111.730644
3473,94.0695
3475,91.81955
3476,111.809944
3478,105.90499
3479,97.930374
3483,92.07391
3484,101.64052
3485,93.43405
3487,92.8184
3488,111.23893
3496,112.839066
3497,92.51347
3499,93.837456
3500,78.58326
3501,97.37801
3504,94.19305
3508,109.19962
3511,91.05585
3512,113.91864
3515,94.95536
3517,95.06063
3518,109.035866
3526,109.839806
3528,115.08977
3529,98.7905
3530,112.501236
3531,94.65697
3532,111.73409
3533,93.13308
3534,93.97971
3535,76.89623
3536,93.077354
3537,112.77111
3538,90.871475
3539,111.8466
3540,106.038055
3545,112.659035
3546,93.3155
3550,102.0251
3551,92.453575
3553,93.357544
3554,104.19085
3557,91.76435
3558,115.360054
3559,93.67905
3561,94.81805
3562,110.84762
3563,88.5118
3564,104.47381
3565,94.95683
3567,92.65597
3571,104.47381
3572,91.21695
3574,92.42656
3576,93.29564
3577,111.26557
3578,98.37786
3579,91.73864
3583,94.15274
3585,87.20665
3586,105.98045
3587,112.30383
3593,101.51002
3594,108.55798
3595,95.59046
3599,94.12748
3600,103.83793
3601,111.730644
3602,93.67905
3604,94.71082
3609,115.922775
3610,110.26213
3612,110.08029
3614,121.91041
3615,95.479546
3617,107.92453
3618,112.50228
3619,111.98737
3620,110.75026
3621,94.84046
3625,94.61431
3626,101.84567
3630,104.64851
3631,91.78063
3632,101.33756
3633,94.080536
3634,112.31854
3637,91.41705
3639,96.98684
3640,109.99907
3641,95.08688
3644,118.13021
3645,91.91826
3646,90.694374
3647,91.46971
3648,110.84762
3653,112.98514
3654,103.01087
3655,112.7612
3659,102.54276
3660,95.171486
3662,111.77051
3666,91.88485
3668,95.488525
3671,96.74993
3673,96.85212
3674,120.04893
3675,93.96095
3681,89.05046
3682,111.54352
3686,108.82067
3687,90.09199
3692,75.96922
3695,113.31257
3696,95.37053
3699,113.17579
3705,111.559654
3707,78.79265
3708,93.3686
3709,112.032974
3710,94.26037
3712,89.1011
3715,112.57738
3716,91.11191
3720,112.45183
3722,78.79265
3726,96.3848
3728,93.22519
3729,115.569595
3731,105.80259
3735,115.603645
3736,94.43183
3739,101.6718
3741,112.905304
3743,100.776245
3744,95.396774
3745,114.60715
3746,93.79819
3751,97.088806
3753,94.68639
3760,112.602394
3761,99.30699
3762,109.34393
3763,92.20671
3765,91.28522
3768,120.63221
3769,93.95069
3770,107.22465
3773,107.78716
3774,96.22199
3776,94.78285
3778,93.2164
3779,110.900375
3780,100.21891
3781,112.37943
3782,91.85887
3783,111.29136
3784,95.33227
3786,95.60153
3789,107.0032
3790,101.15515
3793,116.075035
3795,110.38602
3797,93.23847
3798,120.033966
3800,112.14351
3804,101.74953
3810,93.54015
3815,112.3872
3816,101.74953
3818,101.924255
3824,110.32609
3828,101.735565
3830,109.47054
3831,106.92172
3832,76.245384
3834,108.57373
3835,88.23482
3836,108.60796
3838,93.30931
3839,117.63859
3840,120.25357
3845,89.23442
3846,111.17021
3847,95.522446
3849,75.82556
3853,109.55926
3855,110.69911
3856,90.165955
3864,73.98604
3865,92.98609
3866,111.30593
3867,92.98188
3868,112.14351
3869,95.486176
3871,92.270645
3875,104.16014
3876,93.21846
3878,93.78338
3879,110.75662
3881,112.14351
3883,109.35665
3884,88.88512
3886,111.83356
3890,90.11486
3893,106.70848
3897,105.01649
3901,92.96008
3902,109.24809
3913,111.810555
3914,91.17086
3916,92.08349
3917,108.972565
3924,103.73225
3925,94.570206
3928,98.302666
3929,114.65243
3932,93.76811
3933,108.328094
3934,77.47728
3935,90.5986
3936,94.80191
3937,111.19373
3938,93.6872
3939,107.88014
3943,87.51115
3944,110.48996
3945,111.369736
3946,99.80502
3947,117.14812
3948,91.89507
3949,110.48996
3950,94.46451
3951,110.072365
3952,94.30296
3953,111.56445
3961,117.0098
3962,93.14252
3966,92.745186
3967,104.444435
3968,95.57544
3969,113.407394
3970,92.026436
3971,103.47392
3973,89.12186
3974,111.96826
3975,115.47499
3977,145.2003
3979,111.18218
3985,96.65983
3986,102.80829
3988,110.99891
3991,93.263016
3992,103.542175
3993,91.77562
3994,100.06636
3995,111.04964
4005,112.9049
4007,91.931816
4008,102.27039
4009,94.88644
4010,109.36973
4011,77.948
4012,90.27075
4013,105.05687
4015,113.32833
4016,110.25875
4018,110.147194
4025,93.89276
4026,114.4466
4028,112.05831
4029,94.27862
4031,91.59341
4032,108.402245
4033,89.58657
4034,115.80949
4037,87.631226
4038,104.86731
4039,95.04504
4041,93.52945
4042,110.90809
4043,95.919
4044,108.328094
4045,91.81376
4046,116.943115
4047,94.58291
4048,102.875
4049,93.49965
4051,92.14606
4052,112.47444
4058,102.83191
4062,108.957565
4064,112.03749
4067,91.243706
4068,78.029335
4070,95.33503
4072,115.002556
4074,113.04883
4075,89.18011
4076,110.84535
4077,91.83399
4078,113.81346
4080,108.328094
4082,115.12278
4085,93.34204
4086,113.65302
4088,114.4466
4089,94.71347
4092,77.29749
4094,89.83588
4095,110.966324
4096,90.07177
4097,103.27331
4102,96.82502
4105,130.29396
4107,110.52347
4111,92.09645
4112,105.280334
4113,92.48735
4114,124.99477
4115,90.821495
4116,116.60398
4117,96.06024
4118,96.49586
4119,112.52734
4120,96.95894
4122,85.93475
4125,93.56082
4126,115.23127
4129,110.940994
4134,108.5724
4137,90.639435
4141,100.32984
4142,93.207405
4144,93.55826
4145,103.73225
4146,96.539085
4150,92.11383
4151,78.091736
4154,91.243706
4156,100.85415
4157,112.552
4159,110.25875
4160,98.215096
4161,109.902695
4168,97.24737
4171,102.255615
4172,106.68042
4173,94.87693
4175,90.35094
4176,108.328094
4177,93.55826
4178,100.66347
4179,93.01466
4181,111.55128
4183,94.27862
4184,114.38284
4185,99.44681
4186,111.411575
4188,130.84087
4190,110.82788
4192,93.51608
4193,107.40433
4194,112.69182
4195,95.42957
4196,78.60358
4202,93.706955
4203,105.09898
4208,93.33865
4209,113.168755
4210,91.495834
4211,111.45378
4212,117.45588
4214,103.688805
4215,92.14395
4216,115.17938
4217,92.395134
4219,106.99987
4222,111.19373
4224,79.360306
4231,102.33404
4232,94.27862
4234,90.86667
4236,93.55826
4237,103.10616
4240,92.854645
4242,100.901985
4243,97.92554
4247,93.392555
4248,108.804855
4249,91.87414
4254,102.37122
4263,94.34713
4265,110.328316
4267,115.19401
4268,114.20794
4271,111.759285
4272,93.929436
4273,110.879524
4274,94.033714
4276,94.00579
4278,92.93572
4280,94.21038
4281,109.78778
4283,107.76647
4284,114.18785
4285,96.64035
4286,116.034935
4287,97.33333
4288,113.08409
4289,87.72243
4290,85.92504
4293,92.4998
4296,111.91294
4297,93.17343
4299,96.01419
4303,115.91086
4310,94.84932
4312,104.48743
4318,103.78884
4320,119.12612
4322,94.56031
4323,120.324974
4325,104.920235
4326,112.14103
4328,104.55005
4330,103.38562
4332,110.34903
4333,90.946365
4335,92.612366
4336,111.30829
4338,105.42004
4341,91.505684
4342,104.0916
4344,103.51459
4347,91.80985
4348,104.090935
4351,109.00157
4352,93.43247
4353,111.9703
4355,103.01401
4356,93.27253
4359,105.64488
4360,93.890594
4361,97.044365
4364,97.43283
4365,103.7869
4368,94.25517
4372,95.41493
4374,92.09113
4376,93.57752
4377,104.008385
4380,95.65018
4383,105.989555
4384,93.30881
4385,106.92457
4389,90.43817
4391,94.598206
4392,111.3488
4393,93.93019
4395,95.15679
4396,110.7199
4398,114.91461
4399,103.28495
4401,92.80785
4406,102.04631
4408,104.235565
4412,104.090935
4415,94.13388
4418,113.90234
4419,92.09113
4420,77.72085
4422,111.156525
4423,92.09113
4425,95.98922
4428,116.890526
4431,110.12574
4434,112.19399
4436,94.70263
4437,110.63284
4439,116.15659
4440,92.59612
4441,114.36877
4444,94.30595
4445,104.32318
4446,91.53087
4447,112.33972
4452,105.52081
4456,114.55497
4457,95.634094
4458,113.68995
4460,93.27253
4461,116.13843
4462,102.56925
4465,103.66386
4466,102.0132
4468,92.42612
4469,105.84707
4472,112.89574
4475,92.63776
4478,93.96074
4479,114.8814
4480,93.704475
4483,77.82006
4484,94.15621
4485,103.12266
4486,92.709114
4488,93.43303
4489,106.81049
4490,97.20952
4491,108.3328
4492,93.14741
4493,107.63067
4494,95.61053
4495,103.6054
4498,76.71253
4499,100.840355
4500,107.475426
4503,112.45639
4505,103.79488
4506,104.747375
4507,98.33919
4508,103.78884
4510,112.167046
4511,91.175606
4513,92.709114
4516,79.53229
4519,92.7083
4521,92.69639
4531,92.683525
4532,78.55034
4533,100.414246
4534,112.85397
4536,103.78884
4537,95.634094
4539,97.31237
4542,101.919014
4545,90.39089
4549,91.80865
4551,93.2615
4554,108.02651
4556,114.104126
4559,109.03081
4561,112.34298
4562,112.88094
4566,112.6647
4569,91.31006
4570,110.7199
4573,93.143745
4574,102.081375
4575,93.07776
4577,96.96288
4578,111.2753
4580,114.48484
4582,93.16275
4583,111.156525
4585,91.785675
4587,103.78884
4595,91.99808
4596,112.917114
4601,91.946686
4602,108.89108
4603,95.95561
4605,118.6659
4606,92.462036
4607,115.41179
4608,95.26288
4610,93.49403
4613,105.61501
4617,92.13682
4618,110.98087
4619,93.23976
4620,91.680305
4622,104.616165
4625,93.27253
4626,103.78884
4627,97.772804
4629,92.44164
4631,89.9719
4633,103.78884
4634,122.12111
4635,90.23648
4639,92.52026
4640,105.229836
4642,100.85736
4644,109.63965
4646,103.78884
4647,94.04057
4648,80.23118
4649,91.59376
4650,110.84311
4655,91.80865
4660,93.961365
4661,121.528755
4662,88.88587
4663,113.84973
4665,97.260956
4666,113.14783
4667,110.11834
4668,94.63175
4670,95.48843
4671,109.47598
4672,95.05307
4673,102.55478
4675,106.16041
4676,94.003746
4677,109.42087
4680,89.26671
4682,92.62848
4683,115.11562
4685,104.090935
4686,94.37888
4688,114.62203
4690,112.23612
4692,112.38733
4693,92.75873
4697,92.42273
4700,109.544075
4702,109.96923
4707,118.5317
4708,93.80077
4710,78.28478
4716,111.99701
4717,98.45512
4718,96.24283
4720,96.79629
4721,81.31849
4723,94.24305
4726,113.05845
4727,93.49266
4729,93.16965
4731,94.760025
4732,114.13184
4735,91.87638
4736,102.595474
4737,96.455826
4738,109.304794
4739,111.61689
4744,103.35056
4747,96.215744
4749,114.768295
4750,93.80077
4752,112.96856
4755,95.90377
4756,102.26169
4757,113.66245
4758,92.18879
4759,102.116455
4763,98.45512
4764,103.29193
4765,97.86323
4766,96.502556
4767,118.31509
4769,115.700325
4770,94.91847
4771,82.85007
4772,105.07155
4774,115.17042
4776,114.787
4777,109.42182
4778,97.88395
4780,94.07478
4784,97.05875
4786,98.34845
4787,78.423225
4788,109.624985
4789,112.96856
4791,104.805885
4792,93.529045
4795,112.33348
4796,91.41602
4803,90.74884
4805,97.30388
4807,91.27513
4809,93.36256
4816,98.90321
4817,79.34379
4818,93.004555
4820,95.81674
4821,100.58085
4823,112.08423
4824,95.58996
4825,114.38574
4829,100.10792
4830,97.87125
4831,120.96033
4833,107.17496
4836,99.224625
4837,114.62203
4838,91.106285
4840,92.731285
4841,80.39375
4842,89.668564
4843,111.745865
4844,92.49818
4849,108.86029
4851,107.48012
4852,94.89901
4858,92.92724
4860,97.87125
4863,112.1835
4864,99.704605
4865,112.83102
4867,108.10883
4868,99.43687
4869,113.71688
4873,89.592606
4875,97.436005
4876,111.79979
4877,92.7323
4878,110.609215
4880,78.371
4886,114.60288
4888,103.553764
4889,103.24784
4890,124.31427
4893,95.2692
4895,92.91073
4896,104.3963
4899,93.782394
4901,92.4954
4902,113.1855
4903,97.10412
4904,112.96856
4910,97.57475
4912,93.61858
4915,97.90941
4916,103.52059
4917,95.39686
4920,105.07155
4927,103.551315
4928,92.18389
4931,112.53171
4934,93.95136
4936,99.322464
4939,116.12314
4942,116.20601
4943,102.555725
4944,101.38244
4945,93.73163
4947,110.082466
4948,91.83192
4951,93.273964
4952,112.96856
4953,92.04568
4956,97.10412
4957,122.32949
4958,91.451675
4960,92.75123
4968,92.436844
4969,104.18074
4971,104.18919
4973,114.8504
4975,115.68196
4976,96.81127
4978,93.29762
4979,112.37877
4982,103.69118
4983,113.180695
4984,108.71926
4985,118.5317
4986,93.42128
4987,122.01391
4988,93.30402
4994,96.25992
4995,93.21988
5002,76.01152
5004,96.69979
5005,105.72504
5006,93.34138
5007,102.24104
5009,114.10093
5011,114.8504
5014,92.820816
5015,105.23865
5018,94.62689
5019,114.01041
5020,92.808365
5021,111.46226
5022,104.31055
5023,96.04467
5025,102.46216
5032,96.399826
5034,98.71156
5036,92.40349
5038,97.68928
5039,111.74655
5046,95.06291
5049,114.01041
5051,93.291954
5052,89.19617
5053,115.17042
5054,97.505005
5055,95.70992
5057,96.16234
5059,93.60488
5062,105.53083
5063,116.15029
5065,114.506096
5069,95.77008
5071,100.52955
5074,112.323715
5075,91.9217
5076,116.72535
5077,78.371
5079,104.4187
5080,95.973236
5081,114.30202
5083,103.42187
5088,104.648964
5089,95.239174
5093,110.85942
5094,103.89536
5095,100.01966
5099,110.29746
5101,112.65968
5103,102.92167
5104,91.63849
5105,113.38351
5107,94.162575
5108,114.252884
5109,93.69304
5111,101.173615
5112,111.63577
5113,90.77636
5114,110.55056
5115,98.62461
5118,94.32892
5122,97.505005
5123,78.36808
5125,93.240234
5127,104.55502
5128,96.76859
5129,114.4139
5132,94.14469
5134,113.5111
5135,92.58195
5137,113.82497
5142,92.94123
5143,103.854614
5144,100.48891
5148,93.814186
5149,94.28513
5150,105.32888
5154,78.423225
5155,89.82695
5159,84.83218
5164,92.90789
5165,120.80572
5166,92.75722
5167,118.1386
5169,88.57293
5171,91.398346
5172,111.31555
5176,91.4347
5184,115.73205
5185,89.20423
5186,109.398476
5188,104.42287
5189,111.98269
5190,94.36784
5191,120.80572
5193,111.45783
5196,93.68118
5199,78.03571
5200,104.10425
5203,92.14329
5204,118.85901
5205,91.888954
5207,94.80735
5208,110.795166
5212,92.62134
5214,97.45886
5218,90.57538
5220,95.78753
5222,92.7305
5224,98.58193
5225,105.54597
5227,112.482155
5229,104.76974
5232,91.51446
5233,115.78341
5234,104.92728
5237,111.1393
5239,117.135704
5240,95.34111
5241,114.484825
5244,94.13259
5248,110.303764
5251,90.11531
5253,97.82941
5255,93.23672
5256,102.12573
5257,90.774185
5259,96.59737
5260,111.397644
5266,95.06948
5268,96.725174
5275,113.01202
5276,113.04898
5277,113.66739
5279,94.21349
5280,102.82798
5281,94.80047
5283,112.838165
5284,79.32613
5285,93.21988
5286,104.61255
5287,91.19838
5289,99.674164
5290,111.45783
5292,103.214645
5293,96.01188
5294,102.459274
5297,94.67602
5299,104.913666
5302,94.030464
5305,76.15713
5306,98.747604
5308,92.620575
5309,94.4927
5310,113.43371
5312,110.93044
5316,113.09351
5317,93.35324
5319,80.87867
5320,102.46216
5323,94.722534
5329,112.661064
5331,112.05049
5334,109.47906
5336,112.71887
5338,103.68158
5341,102.937386
5345,100.46266
5348,94.62973
5349,114.06288
5355,107.48338
5356,95.99955
5360,112.59004
5362,115.69984
5364,113.825485
5366,101.446335
5367,96.187485
5368,94.69661
5370,95.03431
5371,78.181526
5373,105.82018
5375,111.1393
5376,90.7555
5378,113.33068
5379,104.769455
5383,93.6571
5384,105.95548
5389,113.992485
5391,79.118355
5393,111.665474
5395,120.06111
5397,111.19178
5398,91.48553
5399,112.61672
5401,119.704384
5402,92.05812
5403,112.64992
5404,93.16968
5407,78.945244
5408,91.93451
5413,111.79801
5414,94.06855
5417,93.58322
5418,103.214645
5420,114.737015
5421,89.04842
5424,92.80632
5425,118.85901
5426,91.67654
5429,115.91041
5431,94.12545
5437,100.87188
5440,94.58095
5444,104.76986
5446,105.63458
5447,91.79737
5451,96.65834
5452,126.090675
5455,104.92728
5456,92.30927
5458,91.448044
5459,109.829445
5460,97.30079
5462,95.8571
5463,111.709305
5464,91.44145
5465,115.736496
5466,99.949524
5467,102.79199
5468,96.43314
5469,114.25695
5472,101.87106
5474,92.11972
5475,104.89801
5476,98.3888
5479,105.495926
5480,113.5604
5482,113.70696
5485,96.09117
5486,120.336555
5488,80.43884
5495,104.76974
5496,103.91637
5497,113.211624
5499,112.6632
5503,96.93564
5504,92.695496
5507,98.25957
5509,101.75148
5511,93.60587
5512,112.69208
5516,110.994896
5517,103.85564
5518,104.0151
5521,93.59556
5522,104.87404
5527,95.88584
5528,92.56522
5529,111.27394
5532,105.417885
5533,111.67143
5535,106.98628
5536,106.89929
5540,92.22544
5547,96.234215
5548,112.00312
5550,78.391396
5551,94.059166
5554,113.025665
5555,91.25058
5559,111.14502
5560,91.35826
5561,113.991585
5562,94.51467
5563,114.91425
5565,77.70858
5566,96.814026
5567,102.70712
5568,97.67575
5572,98.10908
5574,93.332504
5576,94.77683
5579,114.767586
5580,78.693306
5581,95.52745
5583,92.77761
5584,112.39959
5586,111.10193
5587,93.85345
5589,100.21585
5591,101.140884
5592,94.09782
5593,113.56088
5594,94.04248
5595,77.89889
5596,113.48944
5597,120.01004
5598,117.78418
5599,93.887314
5602,112.14628
5603,94.04248
5605,93.89676
5607,90.77269
5608,112.49668
5609,101.12977
5610,92.67483
5612,93.689026
5613,111.56231
5614,90.56296
5616,104.69078
5621,103.83486
5623,94.14744
5628,110.65645
5629,93.10614
5631,92.667145
5633,114.51342
5638,105.724
5639,95.27678
5640,105.42722
5645,108.16973
5646,79.66344
5649,98.457985
5653,113.37715
5655,114.34634
5656,94.71219
5658,96.157616
5662,116.90256
5663,94.686295
5667,99.78768
5670,93.887314
5671,100.755325
5672,94.325775
5673,103.38087
5674,94.74234
5675,101.137215
5676,93.36343
5679,113.918915
5683,114.13582
5687,93.622475
5688,77.6256
5690,89.41779
5691,112.68859
5692,96.01527
5693,117.50075
5694,93.9262
5697,113.38121
5698,91.42517
5699,113.67234
5704,95.09003
5707,113.918915
5709,103.36392
5710,95.48749
5714,93.96416
5718,94.32545
5721,96.25076
5723,97.90712
5724,113.27538
5725,93.539444
5726,107.89564
5729,105.33724
5730,103.990715
5731,95.964645
5733,76.38935
5736,88.47803
5741,99.43731
5745,113.16456
5747,96.16069
5748,110.69887
5750,111.79723
5751,93.88065
5752,92.64757
5754,94.23103
5755,96.87299
5757,99.55529
5758,116.86868
5760,102.24501
5762,101.81608
5766,113.63888
5768,102.01895
5769,115.48392
5770,95.49024
5771,111.53787
5772,94.54473
5773,115.373024
5774,91.76631
5776,92.40559
5777,113.67234
5778,92.71358
5780,110.74036
5782,90.94725
5783,74.16287
5784,96.9586
5786,95.09693
5788,95.33982
5789,113.61549
5790,93.23501
5791,103.949
5793,101.15411
5794,96.23455
5796,118.78273
5797,94.34973
5801,90.32716
5803,93.622475
5804,112.86649
5805,93.577065
5806,78.02468
5808,111.61129
5813,94.90713
5815,93.79894
5816,101.17649
5822,96.173
5823,113.169426
5825,101.87865
5827,113.67791
5829,100.755325
5830,97.94095
5831,112.01294
5832,94.98
5833,111.61129
5837,112.00432
5838,94.219475
5839,90.04963
5842,105.42722
5844,111.489265
5845,104.29426
5846,109.05596
5848,78.91404
5850,115.29727
5851,100.700645
5853,102.01895
5854,102.334145
5858,105.42722
5860,115.346375
5864,105.98085
5866,99.584076
5867,113.918915
5868,88.321976
5869,112.53753
5870,90.762215
5871,115.15082
5874,119.49001
5876,113.79502
5877,91.500336
5878,93.06288
5879,113.288216
5880,92.56094
5884,91.92691
5886,113.056206
5890,102.532425
5896,92.21391
5897,104.443054
5898,102.01895
5901,103.83729
5903,113.736015
5906,92.67483
5908,113.416
5909,91.21496
5910,111.56231
5911,95.257065
5912,113.61806
5914,119.49001
5919,113.416
5924,101.95263
5926,93.52003
5929,102.01327
5930,92.54829
5932,96.391235
5933,117.52519
5934,98.79568
5935,109.38612
5936,99.01543
5937,111.63734
5938,108.06858
5939,111.78669
5942,109.14476
5943,94.89823
5944,104.77545
5946,111.71706
5951,97.50956
5953,101.021
5954,94.75284
5957,102.60233
5961,100.50842
5962,106.453094
5964,78.64478
5965,92.149025
5968,116.695045
5969,93.264755
5974,92.52722
5975,114.23985
5978,79.82501
5981,102.454765
5982,93.52395
5983,113.85624
5989,112.87124
5991,95.16142
5992,101.02793
5995,96.02677
5996,102.20036
5997,110.112144
5998,90.97491
5999,72.567726
6001,118.641045
6002,98.53857
6003,108.014206
6004,94.75284
6006,112.097244
6007,99.64174
6011,103.36162
6012,102.5663
6014,95.257065
6015,105.80105
6016,93.8619
6017,113.69217
6018,101.60031
6024,93.032265
6025,103.52587
6026,112.60667
6028,115.31535
6029,78.38602
6030,100.796104
6036,116.695045
6040,93.407234
6041,111.68401
6042,93.56827
6044,94.74494
6045,102.301186
6047,102.54393
6048,95.87985
6049,115.872375
6051,116.35032
6052,118.3658
6053,92.39823
6054,112.140114
6058,101.75255
6059,94.17282
6062,101.506744
6063,118.32962
6064,99.67583
6065,93.407234
6067,98.61175
6068,111.148476
6070,104.49493
6071,109.812935
6072,112.49559
6080,112.49559
6081,94.616035
6084,106.8168
6087,94.09746
6089,111.77812
6092,112.49559
6094,95.585335
6095,112.77774
6097,113.18199
6100,96.3126
6104,106.55147
6105,95.382034
6106,111.76364
6107,78.10164
6108,94.47594
6109,112.49559
6110,92.74195
6114,112.49559
6116,90.30005
6117,103.824715
6118,98.39801
6123,78.450035
6125,113.024315
6128,105.5987
6130,103.11303
6132,108.53201
6137,81.42242
6139,117.613846
6140,97.06585
6141,112.28971
6142,103.87594
6144,113.470795
6145,98.07286
6146,101.66435
6149,89.36123
6156,98.5685
6159,110.89759
6160,97.06585
6162,101.53925
6164,110.458435
6165,95.96985
6168,77.90329
6169,110.01732
6170,90.30024
6171,110.45941
6172,92.108894
6173,112.40149
6176,104.9186
6177,93.715935
6178,94.56232
6180,92.97788
6181,100.35943
6182,101.102844
6185,91.69885
6186,112.171036
6188,112.60347
6189,96.374504
6192,106.8168
6193,95.54813
6194,102.301186
6195,91.57707
6196,117.34245
6197,96.37224
6201,110.76234
6202,92.505
6203,114.35866
6204,94.94492
6207,121.16272
6209,101.59799
6210,91.011444
6211,111.105965
6213,112.464165
6216,91.90629
6217,90.19895
6219,93.519196
6222,77.86974
6223,92.04954
6235,98.78079
6240,99.04065
6242,93.11088
6247,94.51992
6251,112.58311
6254,111.75324
6255,98.16711
6260,103.81175
6261,95.439964
6262,101.54192
6264,109.35615
6269,102.195656
6271,103.37351
6275,113.86145
6276,93.64515
6278,101.32869
6279,112.49632
6281,117.31568
6284,96.85458
6286,92.51932
6287,75.22482
6288,92.38098
6292,95.4558
6293,92.77249
6295,85.224396
6298,111.52928
6300,110.819824
6304,100.698395
6308,110.466995
6310,93.37521
6312,112.49559
6320,95.742226
6324,94.10615
6325,114.52763
6330,95.801186
6336,110.449615
6340,104.26629
6341,98.78079
6342,100.84195
6344,95.65743
6345,112.88807
6347,111.334885
6348,100.136246
6349,111.52928
6351,77.854485
6353,111.73436
6354,92.236435
6357,96.92877
6358,110.395905
6360,105.573944
6363,110.1107
6364,92.549934
6368,112.290276
6370,93.03648
6371,94.035225
6377,94.333435
6379,92.812
6381,97.1766
6382,77.808914
6383,111.88387
6388,110.680756
6390,108.2154
6392,99.63043
6393,94.73318
6395,96.68032
6398,101.43283
6401,77.75669
6402,93.14946
6403,109.18451
6405,106.68077
6406,92.43838
6407,111.9328
6409,102.624916
6411,87.62973
6413,92.72922
6416,105.3211
6417,98.82752
6418,96.815735
6419,119.173386
6420,110.63865
6426,110.03066
6429,93.766
6430,95.68212
6431,109.18451
6432,101.03084
6434,93.844826
6437,109.78822
6438,93.747986
6439,101.174774
6440,93.87577
6441,91.87527
6442,109.01884
6443,96.74047
6445,94.78847
6448,111.63796
6450,110.371544
6453,93.680405
6455,90.8185
6457,93.5906
6458,110.93888
6461,93.872
6464,112.00895
6467,92.88762
6469,97.68505
6470,78.67785
6471,96.031
6473,100.58283
6474,92.30289
6479,94.35242
6481,99.39409
6484,106.947075
6495,100.99826
6496,133.10684
6505,111.21192
6506,99.14113
6508,102.9308
6509,89.83138
6510,104.54709
6512,103.3963
6513,92.297005
6514,117.007965
6515,92.25531
6519,88.86517
6521,95.78582
6523,78.237976
6525,112.44451
6526,93.50633
6528,94.7484
6529,116.46938
6531,104.56896
6533,105.39708
6534,90.80927
6535,110.22944
6536,94.9047
6537,116.01477
6540,94.56935
6541,111.88387
6547,103.99722
6548,111.50312
6551,112.05452
6553,110.2231
6555,107.70535
6556,96.79299
6561,76.63129
6564,93.439865
6565,110.22944
6568,92.791435
6569,109.01884
6573,105.99713
6574,94.849396
6577,111.43818
6579,113.0246
6581,92.66866
6582,108.94734
6585,114.384834
6586,96.58989
6589,101.06363
6590,77.20036
6593,94.86864
6594,110.5628
6595,90.05273
6599,90.17635
6600,91.864235
6601,109.5789
6602,89.695175
6603,111.63796
6604,88.469826
6607,101.382416
6608,108.9579
6609,92.85173
6611,91.85149
6613,109.01884
6614,97.29428
6616,92.00509
6617,109.01884
6618,93.28709
6619,101.10168
6621,107.70535
6627,108.00076
6629,107.251526
6631,78.32817
6634,93.68315
6636,91.93776
6638,92.791435
6639,109.01884
6641,111.39139
6642,91.462425
6651,112.45719
6654,77.74442
6657,93.75906
6663,92.15312
6665,105.96691
6666,92.29034
6668,93.218956
6669,111.541954
6670,95.376045
6671,91.28443
6673,92.808174
6675,90.66955
6676,77.808914
6677,90.98409
6679,90.79681
6680,112.2104
6681,104.54709
6685,102.895164
6688,92.74351
6689,89.87413
6690,108.983894
6692,109.01884
6693,93.06842
6694,93.99317
6698,120.58894
6699,96.899956
6700,115.98868
6701,93.5906
6702,109.84071
6704,89.87413
6707,108.33536
6712,111.63796
6713,100.78508
6715,90.65379
6721,109.89656
6722,92.16266
6723,116.58673
6724,94.403824
6725,119.173386
6731,112.66844
6735,102.719505
6736,90.43455
6737,105.01776
6738,94.23945
6739,104.75437
6741,101.60817
6743,96.6758
6745,93.218956
6747,109.81049
6749,90.083496
6750,103.23749
6751,117.09927
6752,93.953835
6753,109.01884
6755,119.65635
6756,96.8287
6757,102.03915
6759,115.268524
6761,93.20666
6763,96.031
6764,117.365845
6765,93.2445
6766,118.01189
6768,111.3965
6771,89.87413
6773,92.859955
6774,90.522644
6778,99.1961
6779,103.21604
6781,95.54244
6784,91.41325
6786,95.44038
6787,111.293106
6790,90.23878
6793,102.66832
6795,108.92248
6798,110.859505
6806,103.88044
6807,93.27685
6810,92.9013
6815,110.76207
6816,94.5542
6817,103.754456
6818,93.08264
6819,102.25983
6820,93.185
6822,98.816635
6823,113.89761
6824,108.5745
6825,94.081604
6828,81.84884
6829,111.11584
6831,108.92809
6832,92.70179
6833,114.285065
6834,95.27354
6836,92.07194
6837,111.29778
6838,88.9508
6840,100.503555
6843,88.25713
6845,85.59292
6846,93.01101
6847,116.16037
6851,114.735146
6852,92.75411
6853,107.93968
6858,93.16822
6861,110.31058
6863,108.87319
6864,77.68747
6865,90.88632
6866,109.1286
6867,95.91155
6868,102.02271
6869,90.94323
6870,108.5745
6874,110.42806
6875,91.07516
6877,111.06418
6878,93.74922
6880,108.85193
6883,106.35702
6884,95.74378
6886,91.450645
6890,94.61064
6893,107.61551
6894,92.197235
6899,111.06418
6900,90.55273
6904,86.92679
6905,108.644646
6906,88.56412
6910,93.90276
6912,101.50539
6913,110.891396
6920,90.95514
6922,92.09848
6923,108.92248
6926,95.27235
6927,108.76496
6928,90.88634
6931,113.646645
6933,95.88557
6936,90.17863
6937,111.05121
6939,121.66769
6941,99.298904
6942,112.564156
6943,95.27681
6944,96.62083
6945,95.43503
6946,107.31291
6947,114.088264
6949,105.84219
6951,100.82762
6953,110.82783
6954,94.78351
6955,111.75767
6963,110.577095
6964,92.16357
6966,101.08036
6968,91.451904
6970,100.075325
6972,109.077194
6976,110.90677
6978,109.1286
6981,98.19612
6985,107.69598
6986,90.954895
6987,105.8694
6989,110.601364
6991,113.89761
6993,118.44497
6994,91.02394
6995,110.09976
6996,97.948845
6997,114.62418
6998,73.21939
7001,111.023636
7003,110.30635
7006,93.59031
7008,106.322296
7010,85.021385
7011,91.225815
7012,121.10855
7013,92.82588
7014,110.35537
7017,99.20412
7018,101.37466
7019,85.22781
7023,96.59828
7024,97.59784
7025,90.01161
7026,108.57181
7027,93.463806
7028,116.13907
7030,108.92248
7031,91.30584
7033,111.02425
7036,89.52775
7037,93.00443
7039,95.19555
7044,94.53034
7045,111.29778
7046,102.771935
7049,98.41751
7050,97.004265
7051,100.075325
7054,110.847275
7055,108.74548
7057,90.38634
7060,111.06418
7061,99.808
7063,86.8602
7064,107.68207
7067,108.85193
7071,98.507324
7074,98.37118
7075,97.629585
7078,111.29778
7079,89.18472
7080,113.900246
7081,98.84563
7082,111.6178
7083,90.553474
7085,107.14196
7092,100.620995
7094,96.99567
7100,90.27355
7101,112.051674
7102,109.1286
7104,109.101425
7105,99.808
7106,99.5727
7107,99.63069
7108,76.457794
7109,90.860405
7110,111.05121
7112,92.04829
7113,103.66901
7114,93.83995
7116,109.66786
7117,103.03272
7118,99.98626
7120,92.5708
7121,102.64548
7123,99.06383
7124,103.54023
7127,104.11225
7131,100.29697
7132,93.08264
7133,92.13657
7134,107.11376
7135,89.91256
7136,110.01662
7137,90.85814
7141,94.57774
7144,102.159775
7147,112.17476
7148,95.90887
7150,91.33473
7151,92.5708
7152,100.93954
7154,90.73433
7156,94.11999
7157,101.23207
7159,115.62499
7161,93.71163
7163,91.90864
7164,97.41969
7167,78.008545
7169,100.72124
7170,93.3547
7173,95.55467
7174,95.73287
7177,109.45526
7178,102.73474
7179,91.75592
7180,76.194496
7181,110.25143
7182,91.20774
7184,100.70633
7185,114.807076
7186,86.85875
7187,119.401535
7188,93.19668
7189,110.5648
7191,97.729996
7193,110.21064
7197,104.48379
7199,91.59384
7200,111.6178
7201,89.91256
7204,92.28832
7207,108.421005
7209,108.87319
7210,94.04177
7211,102.444084
7213,91.1724
7214,114.62418
7216,109.29761
7217,97.5691
7220,110.65676
7224,108.92248
7225,95.437836
7226,109.29761
7227,91.40135
7234,114.807076
7236,91.76449
7239,105.011024
7240,92.31446
7242,115.34822
7244,110.50135
7245,89.37987
7247,110.62599
7248,90.27586
7249,117.87663
7250,113.47755
7251,93.46717
7252,111.592155
7253,77.47396
7256,93.30051
7260,94.80652
7261,112.7579
7264,102.7011
7269,108.267136
7270,91.334564
7273,112.01736
7279,88.80953
7281,111.59594
7284,89.59181
7285,114.84426
7286,118.27729
7287,90.65954
7289,91.57802
7292,89.44038
7293,112.37999
7296,85.250595
7297,112.62313
7298,89.49656
7299,123.731804
7301,102.188156
7304,112.62043
7306,113.43312
7308,91.57802
7309,98.0184
7312,89.65274
7313,77.47396
7314,93.23016
7316,102.42683
7319,113.92714
7321,107.05507
7323,94.844666
7324,101.40415
7325,91.00798
7328,96.927
7330,77.7002
7334,91.10542
7337,114.506905
7338,93.905304
7339,92.917564
7341,91.52634
7342,111.45374
7344,111.61352
7345,107.81425
7347,110.46294
7349,111.59594
7350,103.50979
7353,111.1173
7355,110.72762
7356,88.28018
7357,125.73552
7358,93.68078
7360,89.56766
7363,104.0077
7364,90.325386
7366,90.85251
7368,93.50683
7369,110.09154
7370,91.61038
7373,92.05462
7374,108.88346
7375,93.43004
7377,95.85823
7379,89.20351
7380,111.86609
7382,111.08819
7383,91.6232
7385,92.498726
7386,103.09686
7391,92.22268
7394,102.37445
7396,113.47755
7397,89.094154
7399,94.72195
7400,101.84967
7403,77.487686
7405,110.22132
7408,109.10023
7414,109.529526
7416,101.8824
7417,87.86751
7419,92.54369
7420,119.40261
7421,90.50092
7422,90.73184
7423,101.259926
7425,76.950226
7430,92.66416
7432,94.06948
7433,91.45509
7434,106.50745
7436,110.54083
7437,88.56552
7438,103.55578
7440,101.35344
7441,92.292984
7442,109.765
7445,111.688126
7446,99.759315
7448,105.628105
7450,99.57435
7451,92.25793
7454,112.701866
7455,93.326126
7457,110.36244
7459,98.44149
7462,90.58502
7464,92.25793
7465,106.48169
7466,93.25091
7467,110.970604
7469,115.16224
7472,89.228325
7473,108.79396
7479,91.10542
7480,107.5078
7484,112.799965
7491,93.68306
7494,101.30018
7495,97.88836
7501,91.5329
7503,90.55411
7504,104.52258
7505,89.101814
7508,111.16294
7509,89.866035
7510,77.47396
7511,112.01518
7515,89.66816
7516,105.90405
7517,92.30446
7518,102.30593
7519,92.761345
7521,94.44212
7522,102.21656
7524,105.00243
7526,100.672165
7527,91.00001
7528,103.05257
7529,92.72474
7534,111.72743
7537,109.80486
7538,91.66455
7540,90.270645
7541,111.15456
7545,114.0883
7551,111.05341
7553,94.923996
7554,102.84025
7555,95.54684
7561,112.63189
7562,112.02448
7564,89.707054
7565,101.91891
7566,92.94595
7567,114.79546
7569,99.624626
7570,90.81497
7571,111.245316
7572,91.81192
7574,104.236664
7578,111.0841
7579,88.630875
7586,91.16713
7587,79.880165
7590,92.45881
7593,108.79396
7594,89.52672
7595,92.94595
7600,90.71351
7601,77.07683
7602,89.75316
7603,113.67514
7604,92.07819
7606,92.606224
7608,114.48912
7613,77.77225
7615,111.72012
7616,110.637215
7617,113.14145
7618,91.00001
7619,103.18337
7622,106.855675
7623,100.63867
7624,91.86013
7625,102.59884
7626,93.688515
7627,102.59194
7628,77.78958
7631,105.29005
7632,102.87066
7633,95.12126
7634,116.360176
7635,90.4115
7636,114.324005
7637,114.324005
7639,91.2825
7640,77.55702
7644,112.28189
7645,90.249405
7648,107.4713
7649,91.939064
7650,112.77074
7652,106.48169
7653,90.39719
7655,92.32154
7659,108.21252
7662,106.5155
7664,97.317764
7666,94.65233
7668,91.95314
7669,109.5498
7670,90.398926
7672,96.07333
7673,108.42822
7678,95.85665
7679,77.247505
7680,104.68311
7683,90.33106
7685,118.27729
7688,93.3512
7690,108.86387
7692,91.90486
7693,89.6214
7695,114.506905
7696,91.515465
7698,97.08833
7699,112.75749
7702,87.7122
7703,111.27084
7704,90.78205
7707,112.01518
7713,78.655846
7715,103.04255
7717,116.02779
7718,94.44483
7719,103.19223
7721,114.6224
7722,95.43008
7725,99.85492
7727,110.56949
7730,75.96714
7733,91.14285
7735,100.39821
7740,112.30751
7741,111.43139
7742,90.51477
7744,110.33789
7747,96.042595
7750,76.3232
7752,109.11918
7754,115.10889
7756,119.425705
7757,92.51397
7758,104.68907
7760,103.604034
7761,89.54816
7763,111.16825
7765,90.22591
7767,114.06838
7768,94.170815
7771,87.840836
7773,88.44144
7774,126.80128
7776,103.010475
7779,90.17196
7783,91.04645
7786,103.12495
7787,93.850876
7789,89.27509
7791,92.58153
7793,95.63617
7794,109.53121
7795,90.12669
7799,76.24976
7800,107.706696
7802,104.10257
7805,103.63154
7807,99.5494
7808,93.62787
7811,106.46292
7817,109.063896
7818,101.96337
7819,92.48851
7822,91.17364
7823,107.90362
7825,110.977234
7828,94.766464
7832,100.25527
7833,76.08219
7834,109.88393
7835,87.38164
7837,92.02984
7840,91.98573
7842,94.7072
7843,106.914276
7844,91.862755
7846,89.54816
7850,97.761734
7853,112.90544
7855,110.7277
7858,90.09933
7863,111.084305
7865,111.37406
7866,89.9037
7868,93.263145
7869,108.51145
7871,76.946686
7872,102.74259
7874,108.151
7877,111.74555
7878,89.737404
7879,113.32679
7881,92.94196
7883,93.15462
7885,98.44397
7886,93.69966
7889,96.343704
7890,101.265305
7891,90.889366
7893,89.149864
7894,97.73837
7896,112.01781
7898,99.31372
7901,89.1651
7902,108.88962
7904,109.94767
7905,90.14587
7906,113.08846
7909,91.8086
7910,102.39216
7913,91.86771
7918,111.06329
7919,90.68237
7923,98.35344
7925,89.34527
7927,87.54558
7930,89.99956
7932,88.102776
7933,90.537865
7935,89.60031
7939,103.53389
7942,87.33172
7943,108.14066
7945,103.89293
7946,92.7798
7948,102.47947
7949,107.86853
7950,90.83499
7951,114.06838
7955,102.91172
7959,88.40321
7960,112.30751
7961,87.83117
7962,104.30247
7964,98.24203
7965,87.9051
7966,111.732574
7967,104.26629
7968,86.928215
7971,104.03239
7974,90.68237
7976,109.93943
7978,110.69021
7982,112.30751
7983,91.16554
7984,101.86636
7986,91.20235
7989,107.86853
7991,108.88962
7992,115.90081
7993,87.29317
7994,110.65963
7995,100.25527
7997,89.42143
7998,101.86636
7999,109.063896
8002,94.578514
8007,96.42927
8009,91.050644
8011,91.171524
8013,106.945206
8015,102.45176
8017,110.40738
8019,116.33382
8023,90.3555
8024,112.37725
8026,110.07264
8027,92.38409
8029,89.591606
8030,108.59507
8031,89.91822
8033,87.10887
8035,87.373055
8036,106.91927
8039,103.59501
8042,87.64549
8044,90.38955
8046,76.05143
8048,114.19273
8049,90.14587
8050,102.9672
8053,90.80771
8054,91.129875
8059,89.53175
8061,90.29888
8062,112.29496
8064,112.26749
8066,102.0796
8067,88.48917
8068,91.87176
8070,87.803566
8071,113.69343
8072,94.38971
8076,93.18808
8080,88.35001
8081,107.188126
8084,107.96067
8087,113.99224
8089,87.65648
8090,113.91255
8091,104.11776
8094,129.36662
8100,90.63963
8101,88.9236
8110,88.534035
8111,108.88962
8112,94.08734
8115,111.60843
8116,89.36416
8118,112.26749
8121,116.03776
8125,107.93173
8127,111.86929
8128,97.207794
8129,108.891396
8131,100.45465
8138,91.72833
8139,101.23779
8140,89.308876
8141,88.44144
8142,110.00739
8143,110.53881
8145,110.07264
8146,90.02279
8148,107.87633
8153,112.67121
8154,89.51017
8155,118.90578
8161,95.33315
8162,109.85126
8163,88.74777
8166,111.28854
8168,111.84897
8170,95.52829
8172,112.399635
8173,91.74623
8176,102.2679
8179,94.64593
8181,91.51369
8182,118.57601
8184,112.80485
8190,105.36936
8191,101.94135
8194,113.13473
8196,125.69294
8198,111.899
8199,110.994896
8201,107.46275
8202,88.84788
8207,93.135826
8208,107.736595
8211,111.081245
8214,107.65869
8217,91.405235
8218,116.39979
8222,94.36815
8229,103.046005
8231,90.88467
8233,89.18641
8236,89.745735
8238,115.45525
8240,100.72641
8243,100.4122
8246,120.82509
8250,90.66593
8254,89.31424
8256,76.0693
8257,107.57555
8258,93.246925
8260,93.33149
8261,112.30819
8263,120.939896
8264,89.79885
8267,109.01016
8268,88.28441
8271,88.26627
8272,107.736595
8275,98.201904
8276,96.24219
8277,105.13139
8278,120.235016
8279,89.45199
8280,108.99587
8281,93.01371
8282,104.92533
8287,111.64545
8288,87.52644
8289,115.63676
8294,89.49307
8296,92.51104
8299,114.67108
8302,99.735306
8308,112.068634
8314,103.95706
8315,92.12376
8316,111.90448
8317,88.39843
8319,110.74221
8320,90.68139
8321,117.28207
8323,97.76778
8325,92.23265
8326,112.227905
8328,107.89228
8330,111.65026
8331,91.93883
8332,123.763954
8334,90.74278
8338,92.31966
8339,99.9824
8341,88.611435
8345,109.31469
8346,89.773476
8347,104.637596
8349,95.236626
8351,93.267784
8352,113.70441
8353,107.89228
8355,118.44389
8358,108.13781
8359,110.34346
8360,89.70606
8361,110.64175
8363,99.05029
8364,92.311905
8365,97.48929
8366,99.25606
8370,108.575356
8372,92.95744
8376,94.667694
8377,106.78952
8379,112.3055
8380,100.40428
8381,113.670235
8386,87.28019
8388,100.668945
8389,93.05095
8391,109.53051
8394,89.31424
8396,108.30717
8398,113.069214
8400,109.15617
8401,90.547066
8404,88.611435
8407,97.97032
8408,106.45582
8409,108.75016
8410,110.82877
8411,93.422424
8413,92.07515
8414,106.75126
8416,90.5567
